tradeDate,spotPrice,stockPrice,expirDate,dte,strike,delta,gamma,vega,theta,rho,callValue,callBidPrice,callAskPrice,callOpenInterest,callVolume,putValue,putBidPrice,putAskPrice,putOpenInterest,putVolume
2020-05-19,293.74,293.74,2020-06-17,30,254.0,0.9090115792981812,0.0049093457817315,0.1410949987417283,-0.0939831711632295,0.1387305446713851,41.20867094173635,40.84,41.34,0,0,1.4904785777938006,1.37,1.39,6,0
2024-03-11,511.47,511.47,2024-06-28,110,535.0,0.3134533452827442,0.010297413272944,1.0027365295507793,-0.0703497523263858,0.4586103233766612,6.83475418640916,6.83,6.87,7058,159,26.3523079357531,26.12,26.51,26,0
2023-06-27,436.64,436.64,2023-09-15,81,320.0,0.9959691657672144,3.065867384316845e-05,0.0031461605517553,-0.040345936813419,0.6904605469675675,119.87955961994597,120.54,121.32,155,0,0.36,0.4,0.41,26185,292
2021-11-12,467.18,467.18,2022-03-31,140,469.0,0.4911057914332932,0.008707838876705,1.14330573848957,-0.0611257324966236,0.6813438735352869,16.886916060297366,16.77,16.99,110,8,20.243841737893195,20.14,20.34,103,1
2021-09-13,445.79,445.79,2022-12-16,460,580.0,0.0520064257199897,0.0014703833501936,0.5093029149744507,-0.0077407267434132,0.2569753532156759,1.3510729851557937,1.3,1.4,348,60,140.35605493589387,138.98,142.03,0,0
2020-11-19,357.9,357.9,2020-12-21,33,352.0,0.6104740526159226,0.0180224614346091,0.4069417793588503,-0.1185132916871425,0.1450144576748844,11.414251347213217,11.33,11.5,1,0,6.175992094267821,6.14,6.21,77,39
2024-12-12,605.22,605.22,2024-12-17,6,670.0,0.0,0.0,1e-05,0.0,0.0,0.0,0.0,0.01,43,0,64.78000000000003,64.18,65.39,0,0
2024-10-08,573.4,573.4,2024-10-09,2,581.0,0.010298238654269,0.0083972894442889,0.0078790764852493,-0.044490017758544,0.0001630367384624,0.0138882555739189,0.01,0.02,894,1438,7.600095325539669,7.16,7.82,3,3
2021-06-08,422.54,422.54,2021-12-17,193,314.0,0.9576542862168482,0.0016179746204994,0.2420958843342645,-0.0130015322850515,0.5002676180066744,110.4290720794208,110.09,110.59,1151,0,3.703363563295938,3.66,3.72,174,0
2024-11-27,598.58,598.58,2025-04-30,155,559.0,0.7875163043849902,0.0042424715166278,1.0810262046396828,-0.1061660664949227,1.7478810503090494,56.62844213722825,55.86,57.33,3,0,8.20468427406649,8.18,8.23,4,0
2022-03-16,432.99,432.99,2022-03-30,15,305.0,1.0,-3.8672376142960165e-16,9.999999124149582e-06,1.0295972190582574e-13,0.0,127.9900000000002,127.32,128.19,0,0,0.0496751878867085,0.04,0.05,271,10
2020-07-08,315.67,315.67,2022-06-17,710,445.0,0.0548350623137509,0.0016196308204772,0.5075244465800025,-0.0047349769484804,0.286845297555246,1.4811143291014568,1.67,2.01,2,0,136.98725216883852,136.59,139.09,0,0
2020-07-17,322.09,322.09,2021-01-15,183,306.0,0.6291216710435296,0.0060880609808018,0.8528592495055085,-0.0589675740130097,0.6797825529243892,32.25941255254333,31.79,32.16,1527,0,18.01816114607273,17.6,17.9,2200,20
2024-10-07,567.09,567.09,2026-12-18,803,690.0,0.3185939633574401,0.0029648121094808,2.929846648052945,-0.0413998418001468,3.476931243062128,19.90073945610116,19.48,20.36,547,6,122.90999999999998,120.5,125.4,0,0
2021-05-28,420.61,420.61,2021-06-25,29,421.0,0.4740330067952514,0.0300555216935,0.461088790502432,-0.0833403744762216,0.1199618647459803,4.864140636778275,4.85,4.88,3502,575,6.311882599210795,6.29,6.34,78,310
2021-08-25,449.35,449.35,2021-12-31,129,417.0,0.7416307446056953,0.0060985843141998,0.8293080626812397,-0.060070178613375,0.7303296765884193,39.973679630356,39.66,40.28,140,0,9.380470523705831,9.37,9.39,1166,4
2021-08-27,450.54,450.54,2021-10-15,50,416.0,0.8735363053368622,0.0071709658449677,0.344999743375977,-0.0551887972150991,0.2574405230579503,36.34181181043019,36.22,36.47,2294,0,2.7755047437551017,2.77,2.78,8398,412
2020-09-17,334.83,334.83,2021-01-15,121,353.0,0.3452464206032151,0.0086443665405227,0.6940547229694745,-0.060042943249785,0.3044990308015803,8.945609698791353,8.91,8.98,1046,2,29.39153537618837,29.32,29.46,124,0
2024-08-09,532.88,532.88,2025-04-17,252,490.0,0.7681080995578652,0.0033710381401286,1.2835638649689516,-0.08803426670275,2.3453262331595,68.67727428983108,68.09,69.3,305,0,13.66711087111476,13.62,13.75,206,0
2023-05-17,415.1,415.1,2023-06-23,38,325.0,0.98957078438158,0.0004446847535974,0.0267848926662943,-0.0340153303592008,0.3241548351274694,91.93066337003604,91.25,92.09,0,0,0.2235256233431704,0.23,0.24,52,559
2022-01-28,438.7,438.7,2022-02-14,18,560.0,9.099401529554166e-09,2.640034510991303e-09,1.003972380124326e-05,-2.955971709355563e-08,1.8460778196560123e-09,3.053488002051535e-08,0.0,0.01,0,0,121.29999999999994,120.95,121.67,0,0
2024-06-03,526.18,526.18,2024-06-04,2,497.0,0.999955948364842,5.401379762361487e-13,1.000002722439078e-05,-0.0514207750384565,0.0137467364220611,29.23192578544656,29.09,29.36,0,0,0.0145489484310084,0.01,0.02,505,0
2021-06-15,424.68,424.68,2021-06-18,4,314.0,1.0,2.082462846977343e-14,1.000000700396728e-05,-4.603743838197882e-13,0.0,110.68000000000023,110.64,110.73,6,0,0.0,0.0,0.01,2955,0
2020-06-24,305.31,305.31,2021-06-18,360,326.0,0.408473494370245,0.0056373140128034,1.1725392258525364,-0.033451833880828,0.8960931732705695,18.016433103062727,17.39,19.25,0,0,42.06891367556094,40.51,44.01,0,0
2020-08-03,329.25,329.25,2020-09-18,47,30.0,0.9999999999999994,2.589227139479957e-16,1.0906543918080537e-12,-6.270142035922254e-14,0.0,299.25000000000006,298.91,299.59,0,0,0.0,0.0,0.01,5555,0
2023-08-28,442.63,442.63,2023-09-08,12,427.0,0.8916781383221586,0.0135664717927803,0.1451303913535972,-0.1814029085090314,0.1138724758742573,16.900465460042042,16.79,17.01,122,1,0.4659422905756947,0.47,0.48,4117,700
2021-05-14,416.74,416.74,2021-06-11,29,382.5,0.8935959900507803,0.0062140917769521,0.2024227840434285,-0.0993824578042935,0.2582525147561661,35.72859014959878,35.65,35.81,32,0,1.4385478562692238,1.43,1.45,0,51
2021-06-22,423.45,423.45,2022-01-21,214,454.0,0.2395670871718285,0.007525042441612,0.977374377899698,-0.0282429923563784,0.5048263539883504,5.66625800737879,5.63,5.71,124,0,38.12360230935843,37.86,38.42,0,0
2021-12-16,466.88,466.88,2022-03-18,93,429.0,0.7637165353267862,0.0054236937450145,0.7230156639048951,-0.0866637122614121,0.5609181354567583,44.93429947805631,44.46,45.47,251,1,8.56614982206299,8.54,8.59,4690,128
2025-04-15,537.8,537.8,2025-07-18,95,370.0,0.9582225434529236,0.0006690811903902,0.2151811684867713,-0.083713102842124,0.8822282408946731,172.8014134822339,172.54,173.22,168,107,1.9371640157319308,1.91,1.95,708,27
2025-03-18,560.69,560.69,2025-07-31,136,559.0,0.5712511505582007,0.0064167431195581,1.3285866321993358,-0.1121626957559929,1.080086213358105,28.76018996845516,28.46,29.04,5,1,21.20111141705886,21.15,21.25,905,0
2025-05-01,561.53,561.53,2025-05-16,16,417.0,0.9995884672450086,2.869164486783983e-05,0.0017761383340354,-0.0057260020355613,0.1710526036325156,145.3405127057808,144.1,146.15,22,0,0.1006835166713827,0.11,0.12,641,40
2025-05-06,561.3,561.3,2026-12-18,592,490.0,0.7644316125245949,0.0017570754786005,2.0802105275450247,-0.0624891875098051,5.05995028609966,117.3367917698929,116.29,118.36,1053,5,25.644902156669016,25.46,25.82,2052,0
2024-11-14,593.18,593.18,2025-01-31,79,497.0,0.9696045802893104,0.0010645349815449,0.1798041658286426,-0.0812326686928237,1.0122857450332334,102.20384923869122,101.46,102.65,496,656,1.313249203337388,1.3,1.32,128,4
2021-10-25,455.3,455.3,2021-12-03,40,405.0,0.946558567835814,0.0032077049747785,0.168885197835203,-0.0484793536287028,0.4063791647819705,51.3969667124685,51.31,51.48,2,2,1.063804630697231,1.05,1.06,489,659
2021-10-04,428.95,428.95,2022-09-16,348,450.0,0.4147931058511402,0.0049934685796166,1.6193364897059184,-0.0401402396209352,1.2816167548857462,21.38762181682893,21.16,21.61,7402,77,45.51091812327834,45.15,45.84,818,0
2021-09-09,449.9,449.9,2022-01-21,135,413.0,0.7505883115433474,0.005400456309464,0.843674121955618,-0.0623701512752695,0.7611245220466585,44.676448682810985,44.4,44.98,365,0,9.706696381036323,9.69,9.72,4460,0
2021-06-29,427.59,427.59,2021-07-07,9,386.0,0.9999842007993988,6.39263320785082e-06,5.457429457316151e-05,-0.0014212739876045,0.0847014065158598,41.60105457274504,41.58,42.0,0,0,0.06,0.06,0.07,104,40
2025-09-10,651.73,651.73,2025-09-19,10,531.0,1.0,-2.3647278175187706e-15,1.0000006846637915e-05,0.0,0.0,120.73000000000025,119.51,122.35,0,0,0.0697906937660572,0.06,0.07,134,0
2021-12-15,468.7442,468.7442,2022-01-07,24,385.0,1.0,-1.3476791131566837e-15,1.0000002144589044e-05,1.22905907415244e-13,0.0,83.74420000000002,83.19,84.44,0,0,0.3199272898564823,0.3,0.32,34491,265
2022-06-24,388.58,388.58,2024-12-20,911,605.0,0.0857352614648255,0.0014845775776866,0.9577446223721096,-0.0102546000886179,0.7366185864559902,4.412533475008064,2.5,7.38,30,1,216.42,214.0,218.92,0,90
2021-10-08,438.12,438.12,2021-11-08,32,265.0,0.9999999293829858,8.709290671188726e-09,1.0389223339811992e-05,-0.0019709055892943,0.2253894225732543,173.1811986612598,172.84,173.52,0,0,0.03,0.03,0.04,0,0
2024-04-18,500.01,500.01,2024-07-19,93,476.0,0.7600370519180971,0.0068747078853344,0.7737511890159187,-0.1157009115599684,0.8679521018726446,35.80632698983436,35.62,35.98,1466,68,6.747620079379794,6.72,6.77,1311,0
2024-01-22,483.75,483.75,2024-03-28,67,439.0,0.8978717634353922,0.0042750178068122,0.3602125309346285,-0.0963752563478561,0.6947100756444375,49.82297690347482,49.56,50.1,24,1,1.5175548808284696,1.5,1.54,131,22
2024-01-05,467.69,467.69,2025-06-20,533,400.0,0.8109831719229597,0.0020938454134278,1.3798173447156648,-0.0527219220359051,4.083914533446118,99.24400574582536,97.0,101.5,131,0,13.09460118954074,12.8,13.6,6318,0
2023-12-11,461.69,461.69,2024-03-15,96,550.0,0.0025868351372944,0.0002888030490835,0.0184084781814631,-0.0012510426233031,0.0030520954966225,0.0368103662531597,0.04,0.05,7983,27,88.31000000000012,88.21,91.51,20,0
2020-08-25,344.01,344.01,2021-03-31,219,307.0,0.726966609228165,0.0046428270330531,0.8566413710527346,-0.0479000447934128,0.8694638555398772,48.50438522698316,48.37,48.63,3,0,14.119510960469292,14.03,14.2,522,0
2025-02-12,602.86,602.86,2025-09-30,231,485.0,0.9024652557134014,0.0013689470076546,0.7418425597988096,-0.0818497593992737,2.5816226615622417,134.2385992247897,133.47,134.99,26,0,5.2861773214796886,5.26,5.3,567,0
2021-03-31,396.71,396.71,2021-12-31,276,500.0,0.028556224711635,0.0013444318123222,0.2434544547236551,-0.0054384315014705,0.0775068380367136,0.5892761201054937,0.6,0.61,225,7,106.81535447384996,105.65,107.63,10,5
2023-07-31,456.4,456.4,2023-09-15,47,415.0,0.9552324140621296,0.0032278438233057,0.1523529168871505,-0.083291050607195,0.4932542035289248,45.57182369394796,45.22,45.74,12698,7,0.9979685084346764,0.99,1.0,69886,1180
2020-06-25,306.51,306.51,2020-07-02,8,329.0,0.0183305840342273,0.0043491534169471,0.0174598708069424,-0.0332608597515655,0.0010658506955779,0.0685567633108241,0.07,0.08,1036,84,22.547362502261947,22.49,22.63,2,7
2021-03-01,389.71,389.71,2021-03-01,1,399.0,0.0,0.0,1e-05,0.0,0.0,0.0,0.0,0.01,3923,259,9.29535675066809,9.16,9.54,198,19
2021-09-02,452.35,452.35,2021-10-01,30,411.0,0.9630357927206186,0.0050054869028187,0.0985547579125053,-0.025236952022753,0.0830767358650257,42.1182046907929,41.85,42.22,0,0,1.265372762769608,1.26,1.27,173,18
2020-01-23,331.82,331.82,2020-05-15,114,353.0,0.1390380995638243,0.0120907035912049,0.3968170837441982,-0.0182203374831192,0.1388304981696925,1.2728373833650202,1.14,1.16,111,1,22.24146738993785,22.14,22.39,0,0
2021-08-26,446.49,446.49,2021-09-27,33,520.0,1.4228002474667842e-05,3.695966730739904e-06,0.0001015368928592,-1.5599116381897217e-05,5.43382389395168e-06,5.23686150350896e-05,0.0,0.01,0,0,75.02720467384333,74.27,75.52,0,0
2022-06-10,391.6014,391.6014,2023-12-15,554,370.0,0.6428582610185676,0.0029017887970608,1.7264827521975517,-0.0451320400531473,2.8300487283904103,62.5339362613484,60.6,64.44,449,86,32.85150297402367,31.11,34.5,906,17
2020-06-01,305.65,305.65,2022-03-18,656,130.0,0.9985119292610652,0.0002887685443643,7.345628668502259e-13,2.158770124412752e-15,0.0,175.65000000000003,175.06,176.37,0,0,2.1700191339790145,2.23,2.47,21,0
2023-03-30,403.4,403.4,2023-04-14,16,480.0,2.6360441898686246e-10,1.4047144309847554e-10,1.0001930164855046e-05,-6.396375446768165e-10,4.352934215568664e-11,4.852341570949177e-10,0.0,0.01,10,0,76.59999999999997,76.49,76.65,0,0
2024-03-01,512.89,512.89,2024-06-28,120,449.0,0.8957387078625573,0.0028085755075005,0.4840114182146835,-0.0887707929111672,1.259383592924638,72.06158529108332,71.78,72.35,136,0,2.2605869376836463,2.25,2.28,101,0
2022-04-04,455.94,455.94,2022-04-29,26,420.0,0.9003109312110487,0.0058375116638313,0.2093382582525929,-0.1088397847387036,0.2555727424692539,37.10594695082983,36.97,37.25,796,11,1.0720078325727664,1.06,1.08,18629,1346
2021-02-12,391.88,391.88,2021-09-17,218,520.0,0.0120722960189118,0.0006342357355719,0.094508592833239,-0.0033961431244443,0.0259428661700376,0.2120416805022733,0.19,0.25,263,11,131.25421103884472,130.64,131.7,1,0
2024-08-23,561.06,561.06,2024-08-23,1,514.0,1.0,2.2864726985958807e-12,9.999988484022224e-06,0.0,0.0,47.06000000000001,46.69,47.16,80,0,0.0,0.0,0.01,1908,39
2024-05-09,519.72,519.72,2024-05-16,8,486.0,0.9999418862386892,2.088381264256768e-05,0.0001831422686357,-0.0725675438976241,0.0932315240060611,34.228187185744964,34.14,34.37,0,0,0.0489475859254435,0.04,0.05,15,20
2020-12-15,369.02,369.02,2022-06-17,550,140.0,1.0,5.176205596094444e-17,1.0000001148778552e-05,5.17729761176457e-17,0.0,229.02,227.57,230.46,0,0,1.489959130011456,1.32,1.49,14,0
2023-09-22,431.19,431.19,2024-12-20,456,695.0,0.0020161367891347,9.893599943183524e-05,0.0287657589620127,-0.0005278172227491,0.0103770571085577,0.0864101028419909,0.0,0.19,114,0,263.80999999999983,262.22,265.13,0,0
2022-02-10,448.03,448.03,2023-01-20,345,210.0,0.9855699578602704,0.000310901387568,0.1248927334891718,-0.0061777321604298,0.534272990384526,238.4479260902597,236.77,240.52,5,1,2.1598067775578818,1.81,2.28,1119,1
2024-11-07,596.08,596.08,2024-11-08,2,486.0,1.0,-2.2902095875052792e-14,1.0000004334811136e-05,-0.3214339269531672,0.0134355391552483,110.40466528905988,109.74,110.94,0,0,0.0,0.0,0.01,6,0
2024-08-12,531.96,531.96,2024-12-31,142,476.0,0.8247587864501834,0.0032968160922195,0.8482283728026604,-0.1063902582283989,1.4233018046898849,70.19906181653447,69.7,70.7,46,0,7.225319665024651,7.18,7.27,106,0
2023-09-29,427.25,427.25,2023-11-17,50,427.0,0.5651998724575767,0.015873769300358,0.6163791110129685,-0.1347205308743922,0.3088295987949209,11.672169146365327,11.67,11.7,3728,1225,8.522218091341522,8.52,8.54,30286,3119
2021-04-15,416.04,416.04,2021-06-18,65,314.0,0.9728119667440016,0.0010412161571145,0.103310122369967,-0.0275018588180713,0.259046565792607,102.69028831822864,102.49,102.89,21,0,0.6047314889873145,0.6,0.61,2964,3
2020-10-29,331.79,331.79,2020-12-11,44,319.0,0.6519374202080659,0.0093820630436354,0.419078275921293,-0.1709286494913923,0.2283245514289268,22.472383187204663,22.32,22.62,0,0,9.67905036084806,9.63,9.72,0,1
2024-12-12,605.22,605.22,2025-04-30,140,410.0,0.9719455710755368,0.0004119213153938,0.1917418590311055,-0.0583554015819097,1.4728875684993188,201.3885081778569,200.6,202.17,2,0,1.1411376670054447,1.13,1.15,71,1
2025-04-09,541.5,541.5,2025-04-30,22,425.0,0.9582430179338628,0.0011142211250547,0.1146558043896295,-0.2190680981400241,0.230165567633683,118.87038118480214,118.71,119.03,16,10,1.3037991988355475,1.28,1.33,5771,738
2022-06-10,391.6014,391.6014,2022-06-10,1,453.0,0.0,0.0,1e-05,0.0,0.0,0.0,0.0,0.01,263,254,61.398599999999846,61.12,61.58,0,0
2023-03-30,403.4,403.4,2024-01-19,296,630.0,0.0011154928996053,6.784865129185888e-05,0.012036569341384,-0.0003836613428061,0.003502770236511,0.0587983572399264,0.04,0.07,712,0,226.6,225.57,227.42,0,0
2025-04-22,526.79,526.79,2025-04-22,1,423.0,1.0,-2.256143682721871e-13,9.999997025835295e-06,0.0,0.0005794185074739,103.81449237230596,102.74,104.17,0,0,0.0,0.0,0.01,71,0
2021-11-23,467.85,467.85,2022-05-20,179,457.0,0.5860372240218019,0.0062578530700564,1.269615530044883,-0.0639270463438623,0.9834866771313708,30.149881347262205,30.0,30.29,6,1,20.75672260547618,20.61,20.96,108,100
2021-02-16,392.66,392.66,2021-03-03,16,417.0,0.0102615354985537,0.0026759234830121,0.0206981738523665,-0.0092509058147105,0.0016423507880231,0.0451155520561482,0.04,0.05,82,143,24.36458433779901,24.34,24.42,0,0
2023-04-11,410.02,410.02,2025-12-19,984,175.0,0.9556870695513576,0.0002953271742291,0.3685980586586487,-0.0077251442489815,3.149779947817508,240.1078171677884,239.5,244.0,14,0,1.663930456020159,0.53,5.5,117,0
2022-02-11,440.61,440.61,2022-06-17,127,448.0,0.4605008419052736,0.0074395355973983,1.0213373146855254,-0.0802158309898911,0.556636121427687,18.23360700059071,17.59,18.52,1095,8,26.73121681551484,25.85,27.62,3745,13
2023-08-24,437.7,437.7,2023-09-06,14,403.0,0.9757802044227524,0.0029841155390582,0.0437975487349071,-0.0928103859719076,0.1395541463155462,35.56569944687875,35.42,35.68,0,0,0.1844711439052633,0.18,0.19,0,0
2022-07-15,384.35,384.35,2022-09-16,64,425.0,0.1044891806115653,0.0060551911286702,0.3063406223638145,-0.0430695158882355,0.0636569372281385,1.3732045961459003,1.37,1.38,20919,659,41.89379081374696,41.72,42.06,16471,2
2020-03-11,274.71,274.71,2020-11-20,255,262.0,0.6027547833532325,0.0051159871317711,0.8700621018882768,-0.0501903743041942,0.720654942860251,34.720803339502815,34.47,35.14,0,0,25.44613667048681,25.19,25.86,0,0
2020-12-16,370.73,370.73,2021-05-21,157,309.0,0.8471727072588978,0.0034775397346439,0.5522341614144625,-0.0457926972238796,0.6696751921042617,66.4324356350154,66.07,66.79,1,0,6.442694162962176,6.42,6.46,585,6
2021-11-05,468.69,468.69,2022-09-16,316,407.0,0.7621057281937196,0.0030175094739889,1.297319749918526,-0.044640981903117,1.7420858168521232,75.67302901223377,74.9,76.48,0,1,16.713136644997522,16.61,16.84,200,53
2022-10-06,373.63,373.63,2024-01-19,471,420.0,0.406894669775876,0.0042642714107536,1.6494405097406124,-0.045792691215831,1.6578142809956318,25.944412535945823,23.5,28.5,541,12,59.94584862310635,57.5,62.5,495,2
2021-03-19,391.15,391.15,2021-09-17,183,372.0,0.6450174921615227,0.0060172974583823,1.0080005790715216,-0.0592078535738631,0.8768648744780525,34.18809561391854,34.03,34.35,388,0,16.294961333594404,16.27,16.32,1288,0
2024-10-16,582.28,582.28,2024-10-25,10,415.0,1.0,5.1023459660246164e-15,9.999970055955864e-06,-0.0679181545832528,0.1022881497334033,167.89236673673904,167.7,168.15,1,0,0.02,0.02,0.03,613,133
2022-07-14,377.83,377.83,2022-07-15,2,445.0,0.0,0.0,1e-05,0.0,0.0,0.0,0.0,0.01,12965,16,67.1699999999999,66.99,67.28,173,5
2025-06-06,599.52,599.52,2025-06-30,25,507.0,0.9899954440880026,0.0006268366641727,0.0339304076347333,-0.0211701386776171,0.1458426088236112,92.63873843921344,91.63,94.89,48,0,0.3162281073620104,0.31,0.32,446,302
2023-04-19,413.94,413.94,2023-05-19,31,425.0,0.2684816818790101,0.0232304689800512,0.3979158884181905,-0.0951286891977518,0.0894804984166502,2.3529745535744757,2.35,2.36,42286,6009,11.997840677422532,11.92,12.08,2787,116
2024-05-16,529.01,529.01,2024-06-28,44,492.0,0.9240574120791454,0.0048560666818259,0.2513563307612182,-0.0875290436128223,0.5289456699103745,40.24056710176108,39.94,40.54,148,1,1.0051777337050505,1.0,1.01,1573,51
2025-03-13,550.75,550.75,2025-12-31,294,544.0,0.6116246804387069,0.0039494181859825,1.8610092659565112,-0.084734486727666,2.3193171999903006,48.32473034568904,47.52,49.06,4,2,29.551098278445068,29.46,29.64,33,1
2023-12-27,475.32,475.32,2024-01-19,24,420.0,0.9859300074074124,0.0012676798302687,0.0463713167126824,-0.1059128792799604,0.2592236568667241,57.42939553923159,57.02,57.73,33644,6,0.1687957861971113,0.16,0.17,76556,486
2025-04-15,537.8,537.8,2025-04-22,8,538.0,0.5126208686541749,0.0222970390910218,0.2972069502382406,-0.5467657929860354,0.0515422530554634,7.311304102980518,7.29,7.34,232,638,7.069977882636298,7.05,7.09,141,728
2024-08-14,543.52,543.52,2025-08-15,367,549.0,0.5938951826408734,0.0045480228784463,2.079278655967531,-0.0719883859079523,2.8287264211509684,41.60156771077399,41.12,42.09,160,0,29.116737960359146,29.0,29.23,3,2
2025-08-15,644.0,644.0,2025-08-27,13,627.0,0.8397074073611881,0.0132798587948061,0.282173549888926,-0.2379981647288471,0.1715763747447334,18.94321571540812,18.87,19.0,0,0,1.1968936893390445,1.19,1.21,0,80
2020-05-08,292.35,292.35,2020-06-19,43,283.0,0.6430331610049368,0.013308881798149,0.3664109882196829,-0.1179438265976597,0.1603691083233425,16.103055439548275,16.17,16.21,6763,235,7.257723954288877,7.35,7.38,14722,874
2023-03-29,401.25,401.25,2024-12-20,633,350.0,0.7644591469543794,0.0024023312351729,1.51622415935055,-0.0424067946328606,3.849691862185276,86.04281366270969,84.0,88.0,635,27,19.894869776893817,19.0,21.0,20646,110
2021-02-12,391.88,391.88,2021-02-19,8,390.0,0.6154971201365055,0.0578629855179666,0.2097504911261175,-0.1819700822757831,0.0456133107182529,3.6785395429434833,3.67,3.69,59870,20328,1.7935378142716811,1.79,1.8,52069,32391
2025-02-06,605.13,605.13,2025-09-19,226,645.0,0.3464023650107732,0.0064061865670595,1.7748432618412786,-0.0664781132847002,1.2131468324588637,13.29325644577317,13.29,13.34,4398,0,42.811924066300286,42.51,43.51,10,0
2022-12-21,385.81,385.81,2023-03-17,87,310.0,0.9333927918486178,0.0020269088865174,0.2436268981258832,-0.07427758808864,0.6585338878571525,80.25782725568574,80.13,80.39,249,0,1.1156064108734385,1.12,1.13,85129,546
2025-06-02,591.89,591.89,2025-07-03,32,576.0,0.7165321601331004,0.011095391040524,0.575348812056046,-0.179346252317684,0.3416199941787757,22.36134081668312,22.15,22.62,7,0,5.8288986909261205,5.81,5.85,40,7
2025-09-09,649.92,649.92,2025-11-28,81,644.0,0.6057776710340951,0.0088326679666057,1.166013709199451,-0.1360057065592793,0.8132910571517662,22.824577716185903,22.8,22.84,880,413,12.758771040364698,12.73,12.78,323,9
2025-02-24,598.72,598.72,2026-12-18,663,695.0,0.3511800722770209,0.0034359365580948,2.926997983613714,-0.0484230661164137,3.39023011816155,24.268418671246504,24.06,24.51,774,0,96.27999999999982,94.0,98.21,1,0
2024-04-11,519.17,519.17,2024-05-03,23,537.0,0.1482260993878335,0.0157058140976467,0.3104126998109017,-0.090786977241866,0.0457277754873503,1.075535535388352,1.07,1.09,499,85,17.933279514883893,17.75,18.1,0,5
2021-07-16,431.26,431.26,2021-08-06,22,472.0,6.0657668693240976e-05,2.3991415414377127e-05,0.0002468902802992,-5.986705387700621e-05,1.4973369503216082e-05,0.0197901600152415,0.01,0.02,0,0,40.73999999999995,40.23,41.23,0,0
2021-11-08,468.7,468.7,2022-02-18,103,430.0,0.78034069663526,0.0054053247723369,0.7161536059037478,-0.0748498393456353,0.6674242015820255,44.8804951805088,44.57,45.19,1702,6,7.04558640367427,7.03,7.06,3678,72
2022-05-04,428.43,428.43,2022-05-06,3,250.0,1.0,-3.4649585479935738e-15,9.999999308895313e-06,0.0,0.0,178.43000000000015,178.2,178.64,0,0,0.0,0.0,0.01,5662,1
2024-01-18,476.31,476.31,2024-06-21,156,451.0,0.764225417072557,0.0058594669797467,0.9160602323215906,-0.089905752923292,1.3706577587730382,40.8332933696591,40.59,41.13,1843,0,7.225820637628595,7.21,7.27,1868,41
2022-08-30,398.18,398.18,2022-09-14,16,472.0,6.898480571614996e-06,1.978644069549302e-06,3.362039086496088e-05,-1.6390562334285576e-05,1.1200861863713271e-06,2.305936184767014e-05,0.0,0.01,79,0,73.82,73.23,74.47,0,0
2021-11-09,467.22,467.22,2023-06-16,585,300.0,0.9052693024289163,0.0010381204787372,0.8867832161073561,-0.019311588050649,2.092844730059901,172.55556675663476,170.79,174.5,28,0,9.539303411003504,8.47,11.5,35,1
2021-12-08,469.41,469.41,2021-12-20,13,430.0,1.0,1.3705666670063588e-06,9.999995505248958e-06,0.0,0.0,39.79997216681083,39.44,39.8,111,3,0.3700021071758063,0.36,0.37,844,91
2022-07-07,388.84,388.84,2022-09-16,72,635.0,5.536965513586033e-10,1.0434371070564788e-10,1.0005792835843344e-05,-7.586516327746713e-10,4.1072982957159727e-10,2.8545650255294594e-09,0.0,0.01,208,1,246.16000000000005,245.75,246.61,0,0
2022-11-08,383.2499,383.2499,2022-12-30,53,464.0,0.0096576921821644,0.000831171866346,0.0391595084281117,-0.0076567469013715,0.0049909265857515,0.0817792410931815,0.08,0.09,463,764,80.77609566841093,80.63,80.88,1,1
2020-10-30,324.62,324.62,2020-10-30,1,352.0,0.0,0.0,1e-05,0.0,0.0,0.0,0.0,0.01,9379,107,27.37999999999988,27.0,27.73,547,11
2025-01-13,580.3,580.3,2025-06-20,159,340.0,0.98699297211949,0.0001427794974503,0.0752327711164804,-0.0400100484184957,1.4149249683343674,247.98182118523252,246.69,248.24,62,0,1.0578317239352717,1.05,1.06,7398,24
2021-06-08,422.54,422.54,2022-12-16,557,585.0,0.0314127688509101,0.0009488079184263,0.3668314046366205,-0.0043346790059337,0.1792442610431006,0.9189754842778984,0.87,0.97,261,0,168.61325719409734,168.08,170.23,0,0
2024-05-31,523.99,523.99,2024-06-21,22,519.0,0.6464587629167259,0.0226082151547022,0.458784239488098,-0.173407869151152,0.1892730799641304,9.874035129903636,9.85,9.9,3657,858,3.9650098750076808,3.96,3.97,12358,2667
2024-12-10,602.65,602.65,2025-12-19,375,590.0,0.6640266228494166,0.0034791904819837,2.1630924659303887,-0.0841691173863661,3.4885472910969755,59.45928365240045,59.24,59.69,1333,0,25.71776198764088,25.66,25.77,1081,0
2020-09-02,358.4,358.4,2020-09-14,13,337.0,0.8957118859656935,0.0101072309875011,0.1155912655501755,-0.136826941088771,0.0982789768622489,22.10058123952151,22.01,22.2,164,0,0.6822053315823975,0.67,0.69,614,183
2025-03-20,566.07,566.07,2025-05-02,44,420.0,0.9968884691990424,5.269646197572008e-06,0.0004601243141794,-0.0006457276734625,0.4918422476164366,146.8916808471356,146.52,147.51,0,0,0.3654391751082837,0.36,0.37,4,5
2024-09-12,558.92,558.92,2024-12-20,100,532.0,0.7502018676779028,0.0059520631166662,0.8988352873293042,-0.1240885134428978,1.02739993337888,41.0132311885202,40.78,41.23,632,1,8.596114289331041,8.58,8.62,1096,0
2023-11-01,423.06,423.06,2023-11-14,14,457.0,0.0008465088212793,0.0002822583866983,0.002126724364615,-0.0011798382783376,0.0001272062510983,0.0264246419617665,0.02,0.03,0,0,33.940000000000026,33.84,34.11,0,0
2021-02-12,391.88,391.88,2021-03-03,20,410.0,0.0455249112129366,0.0092106533053613,0.0799127918770282,-0.0263682715912369,0.0091903577840811,0.186427428551265,0.18,0.19,188,7,18.27448933385878,18.24,18.31,0,0
2025-05-06,561.3,561.3,2025-05-08,3,478.0,0.9999859386484318,1.1919638782477616e-11,1.000005332257607e-05,-5.761690337944371e-11,0.0263127548940024,83.40729182314146,81.59,84.36,0,0,0.0195938814444915,0.01,0.02,67,0
2025-03-11,559.16,559.16,2025-06-20,102,480.0,0.8728060007168162,0.0023952544979946,0.5727556909649794,-0.123497570065416,1.1029399469871215,89.58068422424758,89.08,90.05,1311,31,5.560571577141093,5.54,5.58,13349,790
2025-03-06,572.07,572.07,2026-01-16,317,830.0,0.002845733971022,0.0001226093036341,0.0430116175256195,-0.0011019738006229,0.0135796096429585,0.114607542962673,0.1,0.14,96,0,257.93,256.46,259.03,0,0
2025-02-04,601.51,601.51,2025-08-15,193,480.0,0.9257679217344656,0.0012452620497012,0.6002721391226113,-0.0780847089543865,2.223733428046475,134.54113545336105,133.97,135.25,19,0,4.1175383064079565,4.1,4.13,440,254
2023-04-24,412.38,412.38,2025-03-21,698,575.0,0.0550769105299778,0.0015834376867609,0.655953044390699,-0.0070434416062817,0.4039081557014408,2.398694562254597,0.0,5.0,12,0,162.62000000000026,160.0,165.0,0,0
2022-12-29,383.67,383.67,2023-02-17,51,345.0,0.8963128930252682,0.0050807711471701,0.2563008932400931,-0.1017699341876744,0.4127373818027877,42.63230085810006,42.46,42.79,252,2,1.8944915887612448,1.89,1.9,12973,875
2021-05-20,415.77,415.77,2021-11-19,184,308.0,0.9213634614507938,0.0016934546856112,0.4303428662046096,-0.0313067806157239,0.7164783378878926,110.3591119516611,110.1,110.62,0,0,4.197680696067135,4.18,4.22,282,0
2025-03-19,569.22,569.22,2026-03-20,367,715.0,0.0552918450999445,0.001618022734372,0.6901635586655306,-0.0128553275905263,0.2998985924442776,1.5097560078325027,1.5,1.53,2062,0,145.78000000000014,145.29,148.27,1,0
2020-01-30,327.08,327.08,2020-03-06,37,362.5,0.0007164152628093,0.0002359905811191,0.0024370669367427,-0.0003675787499747,0.000229172050042,0.002032769368044,0.01,0.02,1,0,35.4199999999998,35.24,35.61,0,0
2025-06-20,593.71,593.71,2025-09-19,92,605.0,0.4716308606697331,0.0084971786011501,1.175162552050511,-0.1323549505795521,0.6573876668013413,16.81010224545698,16.8,16.84,10454,901,22.654517833231232,22.64,22.69,6966,186
2022-11-02,376.66,376.66,2022-12-05,34,315.0,0.9709876282488784,0.0017663552833112,0.0701535258975321,-0.0687143908118034,0.2739687869963622,63.1762733604164,62.83,63.45,0,0,0.4344045027204906,0.42,0.43,11,1
2024-10-16,582.28,582.28,2026-12-18,794,455.0,0.8419919604833239,0.0010666254571545,1.7923836389471794,-0.0511349861424632,6.929198755169398,171.33461514288686,169.67,173.0,61,0,15.648289624078698,15.39,15.89,998,0
2024-06-05,533.68,533.68,2024-06-28,24,570.0,0.0071469399012039,0.0013756301457865,0.0266204079556504,-0.0061580192812009,0.0023218427110968,0.0500646694200836,0.05,0.06,2045,61,36.37579644706796,36.17,36.67,0,0
2025-02-10,604.78,604.78,2025-03-14,33,540.0,0.942897513024289,0.0024847510285175,0.2174289196872406,-0.1501250399830115,0.4396709268223671,67.82912527237195,67.78,67.91,36,0,0.7239654321061355,0.71,0.72,1779,273
2024-06-06,534.07,534.07,2024-06-12,7,532.0,0.6177731218560075,0.0416466917458297,0.2602560461835367,-0.3541866734700405,0.0534752280784016,5.212239615776817,5.2,5.22,1570,583,2.60723048966562,2.6,2.62,766,1738
2024-06-21,544.47,544.47,2024-09-30,102,423.0,0.9859278956076584,0.0004414313896938,0.0766849481209804,-0.0617558586811217,1.1335862025816734,128.4883937103204,127.99,128.99,120,0,0.8348039123338236,0.82,0.84,48,0
2023-02-03,411.74,411.74,2023-02-07,5,330.0,0.9997692637879648,-2.090554469684133e-14,9.999986817500457e-06,-0.0178202735180366,0.0362338883718174,81.81148502901155,81.73,81.92,1,0,2.5667410425201243e-30,0.0,0.01,135,0
2021-07-22,435.35,435.35,2021-07-30,9,350.0,0.9999936306004472,1.2382906821880113e-07,1.1170584877358555e-05,-1.6899699349650482e-05,0.07040545142445,85.35011784134078,85.32,85.4,85,0,0.01,0.01,0.02,46548,47
2024-11-26,600.76,600.76,2026-06-18,570,540.0,0.7894119723221316,0.0019584015537253,2.0555893448688014,-0.0720990218817523,5.67511237458891,111.13370665400863,109.51,112.79,703,3,19.982512462112062,19.76,20.2,596,0
2020-07-07,314.4,314.4,2020-07-31,25,346.0,0.0273152394920141,0.0040565691091123,0.0505605773876218,-0.020351985027571,0.0055435967113489,0.1604295644415237,0.21,0.22,0,0,31.75502142745501,31.74,31.97,0,0
2020-06-04,310.15,310.15,2020-06-08,5,230.0,0.999990211602488,2.1941518313685997e-08,5.8147756976737495e-08,-4.825658785820538e-05,0.0250654863049001,80.15019259246641,80.0,80.31,0,2,6.634424278293725e-23,0.0,0.01,3050,1
2025-05-02,566.8,566.8,2025-05-06,5,549.0,0.9227940890475624,0.0112455887925105,0.0814459779187854,-0.2431432027837742,0.0554481572763671,18.23938087164632,18.18,18.3,299,27,0.3901587716407799,0.39,0.4,443,721
2022-11-01,384.91,384.91,2024-12-20,781,255.0,0.8708722539255017,0.0009467883762844,0.9770465822515424,-0.0306673084388664,3.802790457690285,153.4288971831345,151.0,156.0,15,0,10.411745609892776,8.5,12.9,505,4
2024-03-05,505.75,505.75,2024-06-21,109,455.0,0.8993482665185958,0.003500053093114,0.4444295267980517,-0.0868263309042177,1.1705210882001496,59.70683437367733,59.33,60.09,17679,77,3.0437744844248247,3.03,3.05,42117,363
2021-06-23,423.245,423.245,2021-07-23,31,382.0,0.9381061564747976,0.0042243916715957,0.1384699349465382,-0.0610870754150779,0.291825361261725,42.16330465030152,42.08,42.24,161,11,0.8337746264378436,0.83,0.84,2228,87
2021-03-29,395.83,395.83,2022-09-16,537,250.0,0.9145416862366668,0.0012048565702148,0.6853203133936092,-0.0156890943629681,1.477693307116686,149.43214557975742,148.25,150.6,64,0,7.393495157110269,7.09,7.69,87,0
2022-07-19,392.51,392.51,2022-09-16,60,210.0,0.997395472978471,5.841789963611482e-05,0.0041940966908527,-0.0024969630460577,0.1890859028466107,182.9478842232525,182.88,183.71,6,1,0.1186779122247291,0.12,0.13,25327,83
2022-07-13,379.42,379.42,2022-07-15,3,451.0,1.860823410509644e-23,2.315356535814428e-23,1e-05,-3.068380854581194e-22,3.87928301892873e-25,1.4893403688034577e-23,0.0,0.01,2122,1,71.57999999999998,71.35,71.8,25,10
2020-06-02,306.6,306.6,2020-07-17,46,252.0,0.9661730400974202,0.0033355711563165,0.0785514071285257,-0.0207707149804691,0.0798263647112695,54.80550226871069,55.15,55.34,1561,1,0.896960882801755,1.32,1.33,9236,90
2025-07-03,626.01,626.01,2025-10-31,121,525.0,0.902871012762034,0.0017722491367706,0.6130543841673276,-0.1086655009285966,1.493728250222147,110.78761980479688,110.39,112.19,6,0,3.873920051468589,3.86,3.89,2422,3
2021-03-25,389.98,389.98,2021-09-17,177,356.0,0.7264521693178645,0.0050827899266504,0.8847966494195699,-0.057517146770686,0.8874789661059802,44.593468344055545,44.42,44.8,220,0,11.773478992871436,11.74,11.81,469,0
2024-01-02,471.02,471.02,2024-04-30,120,490.0,0.3783645311216619,0.0118583903953338,1.0403343878304534,-0.0746500149540925,0.5542206152877224,7.755247811337983,7.71,7.77,1328,13,20.69016514878912,20.54,21.18,56,0
2021-10-19,450.04,450.04,2021-10-29,11,370.0,0.9999999999999988,2.149583513196905e-15,9.999995550407077e-06,-2.882075525818972e-13,0.0,80.04000000000019,79.99,80.09,38,0,0.029912662455603,0.02,0.03,56768,39
2021-08-10,442.43,442.43,2022-09-16,403,560.0,0.0554889217441338,0.0017098235530205,0.5532521707176886,-0.008489449805725,0.2389191882702239,1.2577300736573085,1.21,1.3,683,3,122.98758039698012,121.71,124.22,355,0
2024-12-02,603.74,603.74,2026-01-16,411,410.0,0.9282748045981144,0.0006310033525418,0.7669266565660657,-0.0541896500094864,3.90384786506434,212.83002117135484,211.35,214.3,525,0,4.146886576864175,4.13,4.16,1807,44
2023-04-19,413.94,413.94,2024-01-19,276,530.0,0.0336197212106204,0.0015520682928367,0.261974912210221,-0.0079323630217633,0.1002121156104899,0.515728727486391,0.5,0.53,1316,27,116.06000000000004,115.34,116.76,2,0
2020-08-03,329.25,329.25,2022-06-17,684,150.0,0.984314362009639,0.0007298318040291,0.1175517572635451,-0.0019775165796107,0.3060905499051581,179.42366317537568,178.46,180.86,0,0,3.4046359114519165,3.23,3.78,2358,0
2024-12-30,590.0,590.0,2026-01-16,383,400.0,0.9471401239078444,0.0005575321895516,0.5317034537491053,-0.0499218374164031,3.685321704075082,208.10745621373152,206.33,209.95,775,26,4.1916888291013,4.15,4.22,2495,15
2022-02-10,448.03,448.03,2022-03-04,23,490.0,0.0099004715204373,0.0015395717882201,0.0290638862715096,-0.0102954729469693,0.0026402383567483,0.0564612471223361,0.05,0.06,9561,259,42.0039008286913,41.84,42.35,2,1
2025-01-06,594.45,594.45,2025-05-30,145,645.0,0.1897509181236851,0.0063680938402719,1.0047700053800028,-0.0524529835323496,0.4278131957279945,4.256395921087191,4.23,4.27,106,9,50.55000000000001,50.24,51.36,0,0
2020-02-20,336.82,336.82,2020-03-13,23,357.5,0.0017168009423344,0.0008105065976405,0.0048757272192655,-0.0008729907164863,0.0003459961014953,0.0033788766778524,0.02,0.03,61,0,20.679999999999943,20.53,20.84,0,0
2022-08-23,412.57,412.57,2023-09-15,389,640.0,0.009851006194887,0.0003623241905756,0.1025463228676397,-0.0026205902347135,0.0407407404267555,0.2770892528714443,0.21,0.35,82,0,227.4300000000001,226.58,229.26,0,0
2020-03-31,258.05,258.05,2020-04-09,10,309.0,0.0026985296655266,0.0004980438212098,0.0039405655310815,-0.0076637330545512,0.0001644782704364,0.0133409553118216,0.02,0.04,290,0,50.97445783834341,50.75,51.34,116,0
2025-04-29,554.13,554.13,2025-06-30,63,496.0,0.8501256049956979,0.0035341170217346,0.5229886123053263,-0.1532949951633168,0.6884083463584859,65.72889265620151,65.33,66.15,90,0,4.882577597843164,4.86,4.9,589,33
2025-01-17,598.26,598.26,2025-05-30,134,616.0,0.4377582093399793,0.0085328564980774,1.4369276033796623,-0.0952932352350355,0.901390841050184,14.49230013585215,14.46,14.52,55,0,25.024731641695144,24.58,25.5,1,0
2021-05-20,415.77,415.77,2021-08-20,93,314.0,0.9487653145628466,0.001537659474301,0.202751629320682,-0.0366134686670135,0.3559348267518371,102.89048016746196,102.66,103.12,0,0,1.7851405355837415,1.78,1.79,493,2
2025-03-17,568.94,568.94,2025-03-26,10,505.0,1.0,-2.296665864912324e-16,1.0000009298746127e-05,0.0,0.0,63.940000000000005,63.79,64.65,1,0,0.1399331904845593,0.13,0.14,112,36
2023-01-31,404.84,404.84,2023-06-30,151,386.0,0.6983602730494356,0.0064726438337469,0.8939421497598657,-0.0824325895253422,1.0191814521807705,34.676336305671995,34.25,35.09,941,4,10.909260172289256,10.88,10.93,129,20
2023-07-06,439.53,439.53,2023-12-29,177,332.0,0.937869480956384,0.0012520467355388,0.3599505096599718,-0.058559434486501,1.4294375494888398,115.99090340691993,115.57,116.41,52,0,1.9873933938841448,1.97,2.01,166,7
2023-07-13,450.31,450.31,2023-07-18,6,473.0,4.325523869797058e-06,3.9786550365449815e-06,2.1185672208257693e-05,-1.0173311655059838e-05,2.667208755941594e-07,4.542889992044862e-06,0.0,0.01,0,0,22.690000000000165,22.53,22.78,0,0
2025-06-13,595.78,595.78,2025-08-29,78,635.0,0.1867408941660034,0.0070652014007887,0.7729705912382046,-0.0735714668953314,0.2267121014561195,3.84284482597777,3.83,3.87,922,3,40.797351374082496,39.77,42.91,6,0
2021-05-06,417.71,417.71,2023-03-17,681,430.0,0.4726138553970196,0.0039242757123985,2.2087106136239454,-0.0251833197739632,2.4905062785640326,32.96949928948774,31.14,34.81,4,0,51.60075264872849,50.0,53.44,7,0
2020-07-28,321.74,321.74,2021-12-17,508,278.0,0.7118865172173461,0.0034178239313934,1.2399288542628175,-0.0275606761717905,1.6419592726643155,60.92689270974819,59.91,60.92,440,0,22.17578436819538,21.28,21.99,776,0
2020-11-20,356.51,356.51,2020-12-16,27,290.0,0.9823475474266518,0.0012095075966396,0.0417975280518661,-0.0324570237413289,0.2019538449040134,66.81044928335136,66.68,67.16,0,0,0.3018808766179782,0.29,0.31,33,0
2020-01-09,326.35,326.35,2021-03-19,436,370.0,0.0908655548844988,0.0054995925079633,0.6102862428716875,-0.005593079866235,0.329955460180431,1.2166214594866178,3.34,3.54,369,0,44.205156142612935,45.52,46.7,27,0
2024-08-30,561.67,561.67,2025-12-19,477,205.0,0.9847472250514906,2.5968769552770848e-05,0.0165145898998411,-0.0053624398554766,2.29919736979792,362.7684856474525,360.9,364.64,11,1,0.928050113090123,0.89,0.96,223,0
2023-01-03,380.47,380.47,2023-02-17,46,315.0,0.96580143099682,0.001808281995956,0.0958432847329507,-0.0736456342594732,0.3694420297396765,67.75158850185932,67.58,67.9,876,0,0.4802998991714338,0.47,0.48,44346,4248
2022-03-08,417.67,417.67,2022-03-21,14,379.0,0.8936587767333677,0.0058693592682435,0.1482760707717819,-0.204107342374431,0.0675681529186836,39.83011935446851,39.38,40.27,0,0,1.6801211796896671,1.67,1.69,0,115
2020-02-06,333.93,333.93,2020-04-17,72,257.0,0.9833883616321284,0.0013014670698328,0.0579539270695876,-0.0097347467994445,0.142020920362617,77.06513891875393,77.36,77.95,1,0,0.3768485877933665,0.32,0.33,1015,2
2024-06-12,540.65,540.65,2024-06-12,1,504.0,1.0,2.238609209526623e-13,1e-05,0.0,0.0,36.65000000000009,35.33,37.75,2,4,0.0,0.0,0.01,592,2
2024-09-30,572.24,572.24,2025-09-19,355,325.0,0.982250163036904,0.0001236045628518,0.0973433398443996,-0.0267456928568327,2.966268792232971,259.2736104964719,257.36,261.27,1,0,2.273370339555385,2.23,2.28,578,0
2024-08-14,543.52,543.52,2026-12-18,857,585.0,0.537539552379536,0.0030022370137518,3.1588134745955,-0.0492106565230037,5.660293237232993,50.76064602290279,49.0,52.2,120,0,58.27453538008913,56.75,59.83,2604,0
2021-08-20,443.6,443.6,2021-09-17,29,300.0,1.0,2.276116891209953e-16,9.999998576037224e-06,-5.1497750979917156e-14,0.0,143.59999999999965,143.35,143.91,182,0,0.1098914653854295,0.1,0.11,23791,166
2021-09-14,443.79,443.79,2022-06-17,277,275.0,0.9549786625505252,0.0008697112169256,0.3379012157889319,-0.0170291596816251,0.718914616875719,170.29775517935852,168.73,170.87,34,17,3.707798480427804,3.65,3.74,999,0
2022-11-04,375.89,375.89,2023-01-20,78,275.0,0.9877095397211902,0.0004131991445062,0.0338141429126665,-0.0175443304757462,0.5685589840241867,102.78311388000157,102.21,102.91,175,2,0.6796110296994002,0.69,0.7,19844,533
2020-01-27,323.98,323.98,2020-03-20,54,321.0,0.573894267604423,0.0184675051323808,0.481259548936586,-0.0815340300062243,0.2550453928504891,10.16909796135165,10.04,10.07,8170,2198,6.836547366974325,6.72,6.73,19610,1623
2020-04-03,246.33,246.33,2020-04-17,15,340.0,5.783451052463833e-06,1.4356701027111244e-06,1.3672204864513016e-05,-1.707018730889995e-05,5.382973635069071e-07,2.219221600655224e-05,0.0,0.01,40046,1,93.6700000000001,93.33,94.1,777,0
2024-05-13,520.77,520.77,2024-10-31,172,523.0,0.5852020786719379,0.0082763675064699,1.3785930668556785,-0.0862631136537466,1.3202702115508045,23.10036347302341,22.92,23.31,27,11,15.877186846318123,15.81,15.94,13,0
2021-11-19,468.91,468.91,2022-06-17,211,160.0,0.9999999999999996,-9.021064939746978e-17,9.9999967821586e-06,1.3468862116250135e-14,0.0,308.91,307.72,310.13,1,2,0.4198670438637034,0.38,0.42,6810,1
2023-05-31,419.01,419.01,2023-06-16,17,306.0,0.9964493201207552,1.022370828224746e-11,1.0000210696586098e-05,-0.024259080190123,0.1333876571210874,113.40149511019806,113.39,114.41,2,0,0.06,0.07,0.08,2170,1
2020-07-30,323.68,323.68,2020-10-16,79,356.0,0.1228598541734692,0.0076497548547104,0.306190948536306,-0.0329149245928742,0.0760240403558609,1.571085726821524,1.45,1.48,789,41,35.19001382876568,34.88,35.22,2,0
2025-03-13,550.75,550.75,2025-04-30,49,548.0,0.5560316874921377,0.0093473479004942,0.7876603625198482,-0.1918699544769752,0.3776693149479148,19.27986060069388,19.25,19.3,170,48,14.893044466086346,14.86,14.93,656,7
2025-07-10,626.35,626.35,2025-07-22,13,599.0,0.9698562095567592,0.0044103319463135,0.0724582965292738,-0.1122653095536824,0.1905402864502748,28.685212283768863,28.6,28.72,0,0,0.4547666873114635,0.45,0.46,0,2
2022-04-07,450.2,450.2,2022-04-11,5,470.0,0.0005489021609335,0.0003221114872785,0.0009379825354723,-0.0014377817184947,2.657804255500378e-05,0.0008803380703198,0.0,0.01,2812,27,19.80731499141296,19.65,19.93,219,7
2024-04-25,502.88,502.88,2024-05-01,7,531.0,0.0015740432896612,0.0005522006891881,0.0037030130629547,-0.0039762531429254,0.0001296417718765,0.0175303926194997,0.01,0.02,59,1,28.12000000000003,27.79,28.34,0,0
2024-11-06,591.28,591.28,2025-06-20,227,305.0,0.9847389813312436,0.0001100619081908,0.085199173260353,-0.029162773249583,1.795669463877314,294.11311136952713,292.48,295.74,4,0,0.7859007179640383,0.77,0.79,989,21
2024-09-18,562.0,562.0,2025-02-28,164,504.0,0.8228742713318408,0.00312576130508,0.9562923507029808,-0.1025070844951099,1.7334726602655215,74.03605380358884,73.55,74.52,7,0,8.020284078403968,7.96,8.08,60,0
2020-11-17,360.35,360.35,2020-11-18,2,337.0,0.9999998836723916,1.2752212862918458e-07,1.0130497391081264e-05,-0.0109927002367146,0.0093222250402911,23.36109826764236,23.24,23.52,295,59,0.01,0.01,0.02,1964,492
2021-11-01,459.7,459.7,2022-03-31,151,398.0,0.8262868651149488,0.0034610566152953,0.7550108883401514,-0.058216811107632,0.8889881742211435,67.82648715991934,67.48,68.18,2,2,7.315220052961622,7.3,7.34,217,2
2022-06-27,388.97,388.97,2022-12-30,187,509.0,0.0271305904849511,0.0012039219279164,0.1649269336506778,-0.0089650246268086,0.0511448467935119,0.4816928209167531,0.47,0.49,1,2,120.02999999999984,119.25,120.8,0,0
2023-02-22,397.25,397.25,2023-02-24,3,361.0,0.999999976131372,1.8269426918961023e-08,1.0050102071141809e-05,-0.1139631711771813,0.0198643634458696,36.479105147400674,36.39,36.55,1,0,0.01,0.01,0.02,2891,42
2025-02-25,594.1,594.1,2025-09-30,218,548.0,0.7604572534710331,0.0032555866958145,1.3644818654407171,-0.1008534122466494,2.2632048749656675,70.02825612987414,69.24,70.83,3,48,13.304832918220022,13.27,13.36,16,0
2021-06-22,423.45,423.45,2023-12-15,907,560.0,0.1245154826145166,0.0020659109272726,1.4250022927215868,-0.010267882563933,1.0788493893049171,5.271558691890874,4.88,5.64,61,21,145.8841548537933,143.5,148.29,0,0
2023-06-26,432.11,432.11,2023-07-05,10,468.0,3.915578200241201e-07,2.808603517732018e-07,1.1239705036022989e-05,-7.910774708163307e-07,4.163373626212044e-08,5.303245697644265e-07,0.0,0.01,2,0,35.89000000000007,35.76,36.03,0,0
2022-02-04,450.54,450.54,2024-01-19,715,585.0,0.149470942278131,0.0022733884320167,1.4736188052140693,-0.0166545842346814,1.1446511677922293,6.930336116217704,5.0,9.0,59,25,138.74109915219887,136.5,141.0,0,0
2023-05-09,411.28,411.28,2023-06-16,39,525.0,4.35055699656337e-11,1.749892426682051e-11,1.000032344620874e-05,-5.927228089983166e-11,1.8521871159546227e-11,1.0612938258534076e-10,0.0,0.01,4000,0,113.72000000000013,113.57,113.84,0,0
2024-04-03,519.55,519.55,2025-03-21,353,255.0,0.9702555078070176,0.0002137119308931,0.2445024974815603,-0.0303388574770692,2.21641933779816,274.5253918796711,272.97,275.54,22,0,1.1209739505196474,1.1,1.14,137,0
2024-02-01,488.76,488.76,2024-02-16,16,477.0,0.8432342925140398,0.018258539179397,0.2286807927757415,-0.1716750865846883,0.1637093610038964,14.105916353879191,14.05,14.16,13408,683,1.1979672755606727,1.19,1.2,13212,4143
2021-02-26,384.1,384.1,2023-12-15,1023,520.0,0.1666084602550753,0.0021782244053975,1.5341660532377352,-0.0122742371319059,1.3946833159411065,8.575709848572059,7.5,10.73,214,0,150.77487096338868,148.47,153.0,0,0
2024-02-14,498.38,498.38,2024-02-29,16,409.0,0.999931529778338,1.031987433329964e-05,0.000249270584499,-0.0686444493344673,0.1677541746735942,90.4084553983441,90.28,90.64,50,0,0.0942726662849645,0.09,0.1,476,1
2021-11-24,469.0,469.0,2023-03-17,479,375.0,0.7984121750360704,0.0019519708745984,1.4091876446944809,-0.0366332676226757,2.4083552299696733,108.94514731424628,107.07,110.81,103,4,18.24709359371396,17.36,19.12,287,5
2023-05-25,415.55,415.55,2025-06-20,758,260.0,0.9019225900607548,0.0007468233212539,0.7470903588124093,-0.0268433757426374,4.097602136607328,174.15295005924156,170.5,175.5,0,0,5.976815031603565,3.5,8.5,0,0
2022-09-13,392.45,392.45,2022-11-18,67,205.0,0.9999999999999984,1.8892027858830797e-05,9.999997417339976e-06,2.1407807138258792e-14,0.0,187.45,187.03,188.25,0,0,0.1699620471708661,0.16,0.17,4874,1
2024-04-10,514.42,514.42,2024-05-31,52,410.0,0.9890753989508064,0.0005313916813638,0.0568816797800895,-0.0799475647692002,0.5601419087868281,108.37206654920922,108.09,108.49,245,0,0.3752977487385425,0.36,0.38,1685,59
2020-03-12,251.77,251.77,2020-10-16,219,281.0,0.3706342745967426,0.0055966144898683,0.7175867580852358,-0.0529711668353901,0.4068056309126586,15.056948812105414,14.92,15.29,340,1,47.785051718168255,47.29,48.41,41,5
2024-01-24,486.19,486.19,2024-09-20,241,650.0,0.0032773809326872,0.0002135480250368,0.0426094426828295,-0.0011462889897122,0.0101762249350201,0.0421927174689345,0.04,0.07,1303,1025,163.81000000000006,163.14,164.31,0,0
2021-02-26,384.1,384.1,2021-07-16,141,349.0,0.7346643343875657,0.0051387556124389,0.7756586698048128,-0.0681606897680177,0.6789536836073082,45.39127630378272,45.2,45.58,1,0,11.864722199334462,11.8,11.93,173,0
2024-07-23,554.15,554.15,2026-12-18,879,285.0,0.9429416443636592,0.0002739162407569,0.5975190511199133,-0.0237723999835335,5.546373374882367,291.0231884030316,288.12,293.0,4,0,3.33064014603329,3.13,3.53,11,0
2021-12-17,461.07,461.07,2022-01-28,43,498.0,0.0478962165205072,0.0047758763497257,0.144926582884507,-0.0252578931817489,0.0249442911701173,0.3809057236730327,0.37,0.39,12,1,37.13582904018356,36.78,37.53,0,0
2023-09-26,425.7,425.7,2023-10-10,15,428.0,0.4661264191999312,0.0299786416867045,0.333189270418646,-0.2208363234876943,0.0743653777802215,4.834613991785328,4.82,4.85,0,424,6.270520006955182,6.26,6.29,0,372
2021-08-31,451.7,451.7,2022-01-21,144,385.0,0.850878877692068,0.0033056029185545,0.6494949359073772,-0.0510385588227265,0.7677536475626262,70.8860321523009,70.6,71.18,5954,61,5.956320552329871,5.95,5.97,25262,36
2021-10-06,433.99,433.99,2021-12-17,73,570.0,5.974885862485292e-07,1.185145335620733e-07,1.551886639036344e-05,-5.019719905790092e-07,5.010775065012633e-07,2.899445430208144e-06,0.0,0.01,100,13,137.64786434593609,136.72,137.77,2,0
2021-03-04,376.1,376.1,2021-04-16,44,286.0,0.9740130399550356,0.0014491627084096,0.0750999693663667,-0.0305609771546609,0.1043026576136463,90.61777436772228,90.35,90.89,5,0,0.9807187984319328,0.97,0.99,1117,44
2024-11-08,597.81,597.81,2025-03-21,134,590.0,0.6463358524725147,0.0073736056596493,1.331789093834972,-0.1107974887314453,1.3009636453185214,29.797828335763526,29.65,29.86,9303,802,13.49992170726028,13.49,13.53,2770,471
2021-07-01,430.18,430.18,2021-11-19,142,434.0,0.4735675288463243,0.0098052695182762,1.065441085531852,-0.055057929745145,0.6332777117935801,13.43168858990203,13.41,13.47,30,0,18.10753198610873,18.08,18.15,3,0
2022-11-30,406.01,406.01,2023-09-29,304,351.0,0.7788484706919849,0.0027600734578652,1.062315402770095,-0.0659441655360157,1.9839451301145357,76.64281116349038,74.5,79.0,1,0,13.631251379969488,13.21,14.05,2,0
2023-01-03,380.47,380.47,2023-01-04,2,346.0,0.9999655322361896,2.493171019100185e-11,1.0000038733009192e-05,-0.0264068250785367,0.0095705096365222,34.496665587906804,34.32,34.64,0,2,1.9013293061541454e-11,0.0,0.01,10,0
2021-01-22,383.92,383.92,2021-02-03,13,412.0,0.0003475441243854,0.000156644655057,0.0009960730642941,-0.0004222515912057,4.366341139657181e-05,0.0007269872185086,0.0,0.01,204,100,28.0799999999999,27.9,28.22,0,0
2021-04-12,411.71,411.71,2021-12-17,250,439.0,0.304931789648449,0.006893495448469,1.165881699184538,-0.0326231204874049,0.6960879739511842,9.821592294305905,9.76,9.89,0,0,39.95861000553704,39.69,40.24,0,0
2020-03-18,233.34,233.34,2020-03-20,3,166.0,0.9999999999999978,5.788760240042988e-16,3.281232716817542e-13,-7.03591532368309e-13,0.0,67.34000000000013,67.03,67.82,0,64,0.034125758050332,0.06,0.09,932,834
2020-02-26,312.29,312.29,2020-03-20,24,251.0,0.9788506451174684,0.0018638789747931,0.0397928415096308,-0.0307649077502142,0.0500757438328028,61.44649970206181,61.63,62.13,45,2,0.3739920661730503,0.35,0.36,5787,9
2020-06-11,302.1,302.1,2021-03-31,294,375.0,0.0888729519753588,0.0033046176116383,0.4272835929933148,-0.0121345989359437,0.1860116851489814,1.8895650753319708,1.64,2.07,9,0,78.58106219364174,78.12,79.43,0,0
2022-08-26,405.84,405.84,2022-09-30,36,402.0,0.560075286418604,0.0141387916222558,0.49312331700378,-0.1491903213384129,0.1718039079550106,13.342979357535665,13.31,13.37,2286,122,10.117815947127204,10.1,10.13,3338,780
2021-07-20,431.82,431.82,2021-07-30,11,386.0,0.9805658792589016,0.0019802799051689,0.0330414293060872,-0.0581758251475186,0.1035019757475857,46.01479835188098,45.97,46.06,101,20,0.1844701233418991,0.18,0.19,823,5
2025-06-24,607.49,607.49,2026-06-18,360,650.0,0.4376697925841661,0.004327475454047,2.3614771276585977,-0.0720136629932635,2.3465905444819426,26.71950072199747,26.65,26.74,5130,62,51.88547121366175,51.54,52.21,2357,39
2024-09-26,572.09,572.09,2026-01-16,478,520.0,0.7571519544403064,0.0024143141024049,1.958732754846264,-0.0663472486686764,4.476370106415356,91.88374617650751,91.03,92.76,1830,1,20.429979102400672,20.32,20.55,2592,1
2022-08-18,428.15,428.15,2023-06-30,317,400.0,0.6761697318481047,0.0035085135083997,1.4089881526068668,-0.066133880971986,2.0076651304206563,56.85196903730986,56.27,57.44,35,0,22.526026985487007,22.25,22.81,122,5
2021-01-05,371.46,371.46,2021-01-27,23,348.0,0.8355112368546522,0.0096090997111808,0.2243402812140539,-0.1488606861372648,0.1715464557517651,25.76821823895003,25.7,25.83,0,0,2.228375146792376,2.21,2.24,15,9
2022-08-19,422.08,422.08,2022-09-16,29,466.0,0.0071604985622228,0.0011404320589103,0.0265421353225895,-0.0059203988705111,0.0022064390349041,0.0513887419223989,0.05,0.06,4188,3,44.94605714747552,44.53,45.04,0,0
2023-09-26,425.7,425.7,2023-09-29,4,410.0,0.9197811910203176,0.0126595317281414,0.0585784268054112,-0.3997542751376975,0.0309269405239888,16.35932154642678,16.26,16.47,20,5,0.3127799344208825,0.31,0.32,16907,8220
2024-03-12,516.78,516.78,2024-06-28,109,468.0,0.891619141422652,0.0037977455697294,0.525002055697668,-0.0798267771816949,1.1967791070858915,57.37301490495344,57.13,57.62,954,0,3.034811676384776,3.02,3.05,793,5
2021-02-19,390.43,390.43,2021-03-19,29,200.0,1.0,-3.2030282782908145e-18,9.999997409832728e-06,-5.0558251248593826e-14,0.0,190.4300000000001,190.4,190.5,101,1,0.0196989307798894,0.01,0.02,37163,178
2022-12-23,382.22,382.22,2023-01-20,29,361.0,0.8478428497168053,0.0101683496450725,0.2480513678262174,-0.1342998466509595,0.2300035925175706,24.50328928245953,24.41,24.61,85,0,2.068111462665721,2.06,2.08,5862,259
2020-08-11,333.35,333.35,2020-11-20,102,302.0,0.7527819867538497,0.0060834633876525,0.5405952847332989,-0.0753933401792213,0.4394015592752945,38.78190062896544,38.69,38.88,1138,5,8.54866253195527,8.52,8.57,833,21
2022-04-29,413.832,413.832,2022-12-30,246,484.0,0.1650740561576054,0.0040268843558,0.8456443524651657,-0.0314452306084336,0.4172198645417902,5.042296590582126,4.69,5.38,82,30,74.18566172960094,72.96,75.41,0,0
2024-10-28,581.39,581.39,2025-03-21,145,440.0,0.960808700648892,0.0007520733693831,0.2678495050666832,-0.0714643164728344,1.6124810088826274,151.4338880269333,150.4,151.98,1428,126,2.502508020470607,2.49,2.5,4453,8
2021-01-28,378.6,378.6,2021-07-16,170,190.0,0.9931516225122388,0.0003527844980367,0.0432105336534482,-0.0045318350256273,0.1396745774247631,189.61642215013424,189.15,189.77,0,0,1.241273670095977,1.15,1.3,16,3
2025-04-08,491.03,491.03,2026-01-16,284,655.0,0.0458198154271987,0.0012877691019698,0.3811660597152066,-0.0142995952726752,0.1640322609482893,1.4286291415480108,1.36,1.51,3229,89,163.97000000000028,161.5,166.43,29,0
2020-01-28,327.26,327.26,2020-05-15,109,410.0,1.33524867772697e-07,4.7765105512848626e-08,1.495157515835794e-06,-4.733206794481496e-08,1.2818299491380565e-07,3.615633081782922e-07,0.0,0.01,1,0,82.73999999999995,82.84,83.21,0,0
2022-09-29,362.735,362.735,2022-10-26,28,356.0,0.6163457769019266,0.0130354183424809,0.3756540832652597,-0.2237829616232496,0.1538132527170546,15.7224251868337,15.71,15.75,34,279,8.320612779148009,8.31,8.35,148,215
2022-05-13,401.8,401.8,2022-06-08,27,438.0,0.0624035076529735,0.0055686717631977,0.1372381688217404,-0.0527972199197192,0.0174481588351974,0.5705948950140142,0.56,0.58,22,3,36.6290681564611,36.32,36.95,7,1
2022-11-03,372.2399,372.2399,2023-03-17,135,441.0,0.1109611599174108,0.004017230020685,0.4238163759575865,-0.0353968855938301,0.1427718819359431,2.2361991836196204,2.15,2.32,782,4,69.22806352661036,68.71,69.99,630,1
2024-05-08,517.41,517.41,2024-06-28,52,528.0,0.3694435280757031,0.0176360993350425,0.7435621981029282,-0.1002106639784305,0.2596602611726139,5.360196503844531,5.35,5.38,663,88,13.54424859930986,13.42,13.68,122,2
2022-09-27,363.0,363.0,2022-11-18,53,440.0,0.0164717789315969,0.0013033882764106,0.0538292004171477,-0.0129327876930047,0.008267086049827,0.1838620988383244,0.18,0.19,18996,1000,77.00000000000009,76.58,77.27,147,4
2022-06-14,373.88,373.88,2022-07-22,39,455.0,0.004952696322888,0.0005003165506194,0.0185088399556098,-0.0052507692923851,0.001828679855587,0.0858970893016032,0.08,0.09,403,35,82.65639200664472,82.29,83.22,7,6
2024-08-01,541.46,541.46,2024-08-16,16,487.0,0.9947813592251272,0.0006434515274567,0.0174576545403107,-0.1021887498479143,0.1985256603239607,56.22686449654699,56.08,56.54,178,0,0.38,0.39,0.4,4864,197
2024-02-15,501.3,501.3,2024-03-28,43,499.0,0.5842053031762501,0.0191178792097052,0.6577731415562824,-0.1172191632784224,0.3249466395053805,10.307455495800305,10.28,10.34,967,145,6.44695074554845,6.43,6.47,1556,303
2020-09-04,343.68,343.68,2021-06-30,300,307.0,0.6970641058009562,0.0039172359051775,1.0487475277709364,-0.04518862723343,1.12908409489039,53.480463427414406,52.85,54.11,3,0,20.262236675851067,19.79,20.73,12,0
2021-08-13,445.68,445.68,2021-09-17,36,383.0,0.9662601768737272,0.0021824149669265,0.1011579521319572,-0.0349865625283768,0.1576538963666074,63.16818986640306,63.0,63.35,474,0,0.6644389383900983,0.66,0.67,5970,21
2021-07-30,438.15,438.15,2021-08-30,32,380.0,0.9529553327055956,0.0025635195946094,0.122099620602956,-0.0616266061947375,0.3046499193299125,58.94900107207353,58.48,59.32,0,0,0.7024878955811203,0.69,0.71,30,521
2023-04-21,411.56,411.56,2023-12-15,239,473.0,0.1466940991465914,0.0053547370153058,0.7546870810757036,-0.0266292112427384,0.3733684103950117,3.1311200333236724,3.1,3.16,1,0,61.43999999999999,60.8,61.98,0,0
2022-01-21,439.71,439.71,2022-02-18,29,435.0,0.5753461668399299,0.0123842266303501,0.4778350068858714,-0.2258043371671264,0.1824829550919968,15.29666771208346,15.26,15.33,6188,2620,10.433340140375488,10.4,10.46,25155,19609
2022-06-29,380.312,380.312,2024-06-21,724,420.0,0.4644037009566231,0.0034395727139291,2.0541746586635137,-0.0365765429580702,2.8148762550813187,35.58054410952619,33.93,37.25,1,1,61.193537417857854,59.51,62.88,0,0
2021-05-20,415.77,415.77,2021-05-26,7,462.0,1.0539475361294626e-14,1.2866937602605141e-14,1.0000000063200756e-05,-3.9232189564407774e-14,7.200864886939243e-16,8.549394575979019e-15,0.0,0.01,0,0,46.22999999999996,46.19,46.28,0,9
2020-10-26,337.89,337.89,2021-01-15,82,80.0,0.9999999999999994,1.6748739654226435e-16,9.999999477642838e-06,0.0,0.0,257.89000000000016,257.59,258.21,0,0,0.0495373938472664,0.04,0.05,4158,2
2020-04-28,286.8,286.8,2020-06-05,39,300.0,0.3026015485667965,0.015145084708419,0.3252840003848339,-0.1067452667661073,0.0859162942483416,4.282330861137727,3.95,3.99,517,99,17.45633930835035,17.11,17.17,86,9
2023-11-09,433.61,433.61,2025-12-19,772,650.0,0.0303902076055198,0.000966634845974,0.4843991824027057,-0.0045687575879583,0.261364922905079,1.5231313320009647,0.9,1.99,2202,0,216.39,214.0,219.0,0,0
2025-05-12,580.97,580.97,2025-05-12,1,564.0,1.0,2.0550019809823786e-13,1.0000003438642424e-05,1.1368683772161437e-12,0.0,16.970000000000027,16.94,17.04,4212,2517,1.3568864361867648e-33,0.0,0.01,5255,10120
2020-12-04,369.3,369.3,2021-05-21,169,392.0,0.3009937046275925,0.0084588152608647,0.8607820792925529,-0.0396838766156979,0.4238782620879289,7.686449733302974,7.64,7.73,0,0,32.33587150782308,32.14,32.53,0,0
2020-02-03,324.33,324.33,2020-06-19,138,195.0,0.9999999999999972,-1.3819981888460086e-16,-4.3355936200610684e-13,0.0,0.0,129.32999999999996,129.69,130.07,2,0,0.0884517715955033,0.21,0.22,4341,1
2021-04-05,406.38,406.38,2021-11-19,229,440.0,0.2491719366730025,0.0068354005388637,1.0451879039210337,-0.0304809238927162,0.5331870812726696,6.513650694701093,6.47,6.58,1,0,42.05801651963952,41.82,42.3,0,0
2021-09-24,444.57,444.57,2021-12-31,99,345.0,0.9460453571787244,0.0015382171305859,0.2365771555092809,-0.0372232668899855,0.4897080340561356,101.25920924458512,100.8,101.72,6,0,1.7726513989465875,1.77,1.78,1305,2
2023-06-15,443.02,443.02,2023-06-26,12,478.0,0.0001703922103609,6.597829101476441e-05,0.0004887992574369,-0.0002691850799882,2.211374948289185e-05,0.0293440098507539,0.02,0.03,0,13,36.31195641879282,36.35,36.67,0,5
2023-05-17,415.1,415.1,2023-07-21,66,434.0,0.215562852810848,0.014261724990308,0.4908309211189172,-0.0523467680204948,0.1549500614191881,2.374420086085803,2.36,2.38,6694,115,19.97049647243528,19.66,20.27,21,2
2020-05-29,303.96,303.96,2020-07-17,50,270.0,0.8529577487609366,0.0068985342968756,0.2587407725232951,-0.0701175441769211,0.1783514595121672,36.13132155154488,36.24,36.43,9878,33,3.1813753779214307,3.35,3.38,157669,11828
2025-01-07,587.61,587.61,2025-02-28,53,507.0,0.935350840638864,0.0020327725935307,0.2994875050588027,-0.1410852085993695,0.6604194476287404,85.514172681201,85.47,85.61,66,0,1.3092150539642218,1.3,1.31,78,2
2021-04-21,416.01,416.01,2021-07-16,87,190.0,1.0,-5.831622807448882e-16,9.999997750621071e-06,1.6770630817241613e-14,0.0,226.0099999999997,225.82,226.46,0,0,0.0997756309369762,0.09,0.1,353,28
2021-05-19,409.21,409.21,2021-06-01,14,305.0,0.99993226435972,8.438356372106148e-06,0.0002166945270621,-0.0028220117501497,0.1086896909769943,104.242862014034,104.22,104.39,24,0,0.0581382997443548,0.05,0.06,30,11
2022-01-19,453.973,453.973,2022-12-30,346,410.0,0.6965548853349354,0.003179558460832,1.4938222215992425,-0.0510748997457478,1.862805427374023,65.82684553839616,64.85,66.8,0,0,23.685959511507345,23.09,24.2,27,4
2024-10-21,582.57,582.57,2026-01-16,453,755.0,0.0515827669254534,0.0014408953495808,0.7205889512566235,-0.0115809975971101,0.3531732412604779,1.4695778003572708,1.46,1.49,617,10,172.43,170.1,174.91,0,0
2021-05-20,415.77,415.77,2022-09-16,485,235.0,0.9616229628239668,0.0008318792312955,0.3404019400377887,-0.0082707765880283,0.8425260063911945,181.84090137432884,180.51,182.7,3,0,4.3382430182661045,4.19,4.4,3,0
2022-07-29,412.725,412.725,2022-08-24,27,455.0,0.014737623434384,0.0020545474445053,0.0391967871862507,-0.0133198092408368,0.0042673995797316,0.0970295185674642,0.1,0.11,4,10,42.275000000000034,41.91,42.68,0,0
2021-02-26,384.1,384.1,2021-09-30,217,419.0,0.2677344183975749,0.0062721605660656,0.9580240482128094,-0.036785110150515,0.4990317885376262,8.254541934560367,8.15,8.36,0,0,45.999197063195126,45.41,46.59,0,0
2021-11-11,464.15,464.15,2022-06-17,219,499.0,0.2621731380149371,0.0062887272410703,1.1603123616956088,-0.0360701362251883,0.6102944366458454,7.836777599585938,7.77,7.9,2,2,45.12361149060629,44.74,45.51,0,0
2022-05-17,407.22,407.22,2023-12-15,578,705.0,0.0124943920746642,0.0003463880122983,0.1525641813929471,-0.0027176016493894,0.0744096430679282,0.4949937403051383,0.39,0.56,17,1,297.7799999999999,296.12,301.0,0,0
2023-08-04,446.63,446.63,2025-12-19,869,470.0,0.5904019661855863,0.0030903704348438,2.5680976140687672,-0.0456899906987145,4.9751868144478815,55.49414241329481,52.5,57.5,586,1,45.36664774998303,43.0,48.0,185,0
2021-04-29,420.18,420.18,2021-08-20,114,195.0,1.0,-1.8007429513077766e-16,1.0000000708487557e-05,1.2763833264460303e-14,0.0,225.18,224.91,225.62,0,0,0.2198730178173855,0.21,0.22,955,0
2021-05-03,418.27,418.27,2021-06-30,59,283.0,0.9999999999999984,6.219857351969822e-05,9.999993158902602e-06,7.361643154841561e-14,0.0,135.7799496518401,135.32,135.78,0,0,0.2899938219116122,0.28,0.29,484,0
2024-01-08,473.94,473.94,2024-12-31,359,429.0,0.7818155295294488,0.0031306009540487,1.3075864831891126,-0.064969985709635,2.93109504891121,71.84418137636179,71.15,72.54,0,0,11.90420045346862,11.56,12.22,1,0
2020-03-19,244.11,244.11,2020-03-25,7,311.0,0.0019064493234942,0.0002906932506452,0.0019002365198212,-0.0099863089880318,7.272404440183464e-05,0.0113943260384081,0.0,0.04,800,0,68.521154153862,67.65,69.02,86,0
2022-10-18,370.65,370.65,2023-02-17,123,348.0,0.6998931317422835,0.0058370872286839,0.7512429310388882,-0.099596737991159,0.7407942010032822,38.8172583152906,38.63,39.0,0,0,13.17376602267092,13.15,13.2,120,80
2025-05-05,564.35,564.35,2025-05-23,19,625.0,0.0018487014725387,0.0003023138357496,0.0079987519768218,-0.0033043814782977,0.0005096305889384,0.0464185875110131,0.05,0.06,247,4,60.64999999999991,58.74,61.3,0,0
2020-05-27,302.83,302.83,2020-12-18,206,369.0,0.0480598827718104,0.0027336130545854,0.2215435435120045,-0.0082016018651813,0.0733704006411372,0.7028173541589774,0.64,0.73,4789,2,69.71227798448713,68.86,70.91,1,0
2023-06-07,426.44,426.44,2023-06-12,6,471.0,3.433053262587394e-23,6.55923238434323e-23,1e-05,-1.4764575827547995e-22,2.0069090005408973e-24,1.7909166822094385e-23,0.0,0.01,0,0,44.56000000000001,44.47,44.65,0,0
2025-08-01,621.89,621.89,2026-01-30,183,670.0,0.2788426263828914,0.0058335869770165,1.4231252247050634,-0.0678612334591163,0.8173079699340824,9.805560009137968,9.78,9.85,1,10,50.42831218694733,50.05,50.85,0,0
